<?xml version="1.0" encoding="UTF-8"?>
<project-private xmlns="http://www.netbeans.org/ns/project-private/1">
    <editor-bookmarks xmlns="http://www.netbeans.org/ns/editor-bookmarks/2" lastBookmarkId="0"/>
    <open-files xmlns="http://www.netbeans.org/ns/projectui-open-files/2">
        <group>
            <file>file:/E:/bt%20java/Se1305demo/src/java/controller/ChangeServlet.java</file>
            <file>file:/E:/bt%20java/Se1305demo/web/changePass.jsp</file>
            <file>file:/E:/bt%20java/Se1305demo/src/java/controller/LoginServlet.java</file>
            <file>file:/E:/bt%20java/Se1305demo/web/includes/column_left_home.jsp</file>
        </group>
    </open-files>
</project-private>
