<?xml version="1.0" encoding="UTF-8"?>
<project-private xmlns="http://www.netbeans.org/ns/project-private/1">
    <editor-bookmarks xmlns="http://www.netbeans.org/ns/editor-bookmarks/2" lastBookmarkId="0"/>
    <open-files xmlns="http://www.netbeans.org/ns/projectui-open-files/2">
        <group name="BT tren truong">
            <file>file:/E:/bt%20java/BT%20Tren%20Lop/PracticalExam/src/employee/HeapSort.java</file>
            <file>file:/E:/bt%20java/BT%20Tren%20Lop/PracticalExam/src/employee/Validation.java</file>
            <file>file:/E:/bt%20java/BT%20Tren%20Lop/PracticalExam/src/employee/Employee.java</file>
            <file>file:/E:/bt%20java/BT%20Tren%20Lop/PracticalExam/src/employee/Main.java</file>
        </group>
    </open-files>
</project-private>
