<?xml version="1.0" encoding="UTF-8"?>
<project-private xmlns="http://www.netbeans.org/ns/project-private/1">
    <editor-bookmarks xmlns="http://www.netbeans.org/ns/editor-bookmarks/2" lastBookmarkId="0"/>
    <open-files xmlns="http://www.netbeans.org/ns/projectui-open-files/2">
        <group name="BT tren truong">
            <file>file:/E:/bt%20java/BT%20Tren%20Lop/ASS_13/src/taxpayer/Main.java</file>
            <file>file:/E:/bt%20java/BT%20Tren%20Lop/ASS_13/src/taxpayer/Manager.java</file>
            <file>file:/E:/bt%20java/BT%20Tren%20Lop/ASS_13/src/taxpayer/Valididate.java</file>
            <file>file:/E:/bt%20java/BT%20Tren%20Lop/ASS_13/src/taxpayer/TaxpayerList.java</file>
        </group>
    </open-files>
</project-private>
